Region,Country,Year,Tenure >=,Worker type,Notice_period
Arab States,United Arab Emirates,2013,6 months,All,30 day(s)
Arab States,United Arab Emirates,2013,6 months,workers paid on a daily basis or by piece-rate,1 week(s)
Arab States,United Arab Emirates,2013,9 months,All,30 day(s)
Arab States,United Arab Emirates,2013,9 months,workers paid on a daily basis or by piece-rate,1 week(s)
Arab States,United Arab Emirates,2013,2 years,All,30 day(s)
Arab States,United Arab Emirates,2013,2 years,workers paid on a daily basis or by piece-rate,2 week(s)
Arab States,United Arab Emirates,2013,4 years,All,30 day(s)
Arab States,United Arab Emirates,2013,4 years,workers paid on a daily basis or by piece-rate,2 week(s)
Arab States,United Arab Emirates,2013,5 years,All,30 day(s)
Arab States,United Arab Emirates,2013,5 years,workers paid on a daily basis or by piece-rate,1 month(s)
Arab States,United Arab Emirates,2013,10 years,All,30 day(s)
Arab States,United Arab Emirates,2013,10 years,workers paid on a daily basis or by piece-rate,1 month(s)
Arab States,United Arab Emirates,2013,20 years,All,30 day(s)
Arab States,United Arab Emirates,2013,20 years,workers paid on a daily basis or by piece-rate,1 month(s)
Asia,Afghanistan,2019,6 months,All,1 month(s)
Asia,Afghanistan,2019,9 months,All,1 month(s)
Asia,Afghanistan,2019,1 year,All,1 month(s)
Asia,Afghanistan,2019,2 years,All,1 month(s)
Asia,Afghanistan,2019,4 years,All,1 month(s)
Asia,Afghanistan,2019,5 years,All,1 month(s)
Asia,Afghanistan,2019,10 years,All,1 month(s)
Asia,Afghanistan,2019,20 years,All,1 month(s)
Americas,Antigua and Barbuda,2018,6 months,monthly paid workers,30 day(s)
Americas,Antigua and Barbuda,2018,9 months,monthly paid workers,30 day(s)
Americas,Antigua and Barbuda,2018,1 year,monthly paid workers,30 day(s)
Americas,Antigua and Barbuda,2018,2 years,monthly paid workers,30 day(s)
Americas,Antigua and Barbuda,2018,4 years,monthly paid workers,30 day(s)
Americas,Antigua and Barbuda,2018,5 years,monthly paid workers,30 day(s)
Americas,Antigua and Barbuda,2018,10 years,monthly paid workers,30 day(s)
Americas,Antigua and Barbuda,2018,20 years,monthly paid workers,30 day(s)
Europe,Armenia,2018,6 months,All,14 day(s)
Europe,Armenia,2018,9 months,All,14 day(s)
Europe,Armenia,2018,1 year,All,35 day(s)
Europe,Armenia,2018,2 years,All,35 day(s)
Europe,Armenia,2018,4 years,All,35 day(s)
Europe,Armenia,2018,5 years,All,42 day(s)
Europe,Armenia,2018,10 years,All,49 day(s)
Europe,Armenia,2018,20 years,All,60 day(s)
Africa,Angola,2019,6 months,All,30 day(s)
Africa,Angola,2019,9 months,All,30 day(s)
Africa,Angola,2019,1 year,All,30 day(s)
Africa,Angola,2019,2 years,All,30 day(s)
Africa,Angola,2019,4 years,All,30 day(s)
Africa,Angola,2019,5 years,All,30 day(s)
Africa,Angola,2019,10 years,All,30 day(s)
Africa,Angola,2019,20 years,All,30 day(s)
Americas,Argentina,2019,6 months,All,1 month(s)
Americas,Argentina,2019,9 months,All,1 month(s)
Americas,Argentina,2019,2 years,All,1 month(s)
Americas,Argentina,2019,4 years,All,1 month(s)
Americas,Argentina,2019,5 years,All,2 month(s)
Americas,Argentina,2019,10 years,All,2 month(s)
Americas,Argentina,2019,20 years,All,2 month(s)
Europe,Austria,2019,6 months,white-collar workers,6 week(s)
Europe,Austria,2019,6 months,blue-collar workers,14 day(s)
Europe,Austria,2019,6 months,workers paid on a daily basis or by piece-rate,1 day(s)
Europe,Austria,2019,9 months,white-collar workers,6 week(s)
Europe,Austria,2019,9 months,blue-collar workers,14 day(s)
Europe,Austria,2019,9 months,workers paid on a daily basis or by piece-rate,1 day(s)
Europe,Austria,2019,2 years,white-collar workers,2 month(s)
Europe,Austria,2019,2 years,blue-collar workers,14 day(s)
Europe,Austria,2019,2 years,workers paid on a daily basis or by piece-rate,1 day(s)
Europe,Austria,2019,4 years,white-collar workers,2 month(s)
Europe,Austria,2019,4 years,blue-collar workers,14 day(s)
Europe,Austria,2019,4 years,workers paid on a daily basis or by piece-rate,1 day(s)
Europe,Austria,2019,5 years,white-collar workers,3 month(s)
Europe,Austria,2019,5 years,blue-collar workers,14 day(s)
Europe,Austria,2019,5 years,workers paid on a daily basis or by piece-rate,1 day(s)
Europe,Austria,2019,10 years,white-collar workers,3 month(s)
Europe,Austria,2019,10 years,blue-collar workers,14 day(s)
Europe,Austria,2019,10 years,workers paid on a daily basis or by piece-rate,1 day(s)
Europe,Austria,2019,20 years,white-collar workers,4 month(s)
Europe,Austria,2019,20 years,blue-collar workers,14 day(s)
Europe,Austria,2019,20 years,workers paid on a daily basis or by piece-rate,1 day(s)
Asia,Australia,2019,6 months,All,1 week(s)
Asia,Australia,2019,9 months,All,1 week(s)
Asia,Australia,2019,2 years,employees &#8804; 45 years old,2 week(s)
Asia,Australia,2019,2 years,employees > 45 years old,3 week(s)
Asia,Australia,2019,4 years,employees &#8804; 45 years old,3 week(s)
Asia,Australia,2019,4 years,employees > 45 years old,4 week(s)
Asia,Australia,2019,5 years,employees &#8804; 45 years old,4 week(s)
Asia,Australia,2019,5 years,employees > 45 years old,5 week(s)
Asia,Australia,2019,10 years,employees &#8804; 45 years old,4 week(s)
Asia,Australia,2019,10 years,employees > 45 years old,5 week(s)
Asia,Australia,2019,20 years,employees &#8804; 45 years old,4 week(s)
Asia,Australia,2019,20 years,employees > 45 years old,5 week(s)
Europe,Azerbaijan,2019,6 months,All,2 week(s)
Europe,Azerbaijan,2019,9 months,All,2 week(s)
Europe,Azerbaijan,2019,2 years,All,2 week(s)
Europe,Azerbaijan,2019,4 years,All,4 week(s)
Europe,Azerbaijan,2019,5 years,All,4 week(s)
Europe,Azerbaijan,2019,10 years,All,6 week(s)
Europe,Azerbaijan,2019,20 years,All,9 week(s)
Asia,Bangladesh,2019,6 months,All,0 month(s)
Asia,Bangladesh,2019,6 months,permanent (monthly-paid) workers,120 day(s)
Asia,Bangladesh,2019,6 months,permanent (non-monthly-paid) workers,60 day(s)
Asia,Bangladesh,2019,6 months,temporary (monthly-paid) workers,30 day(s)
Asia,Bangladesh,2019,6 months,temporary (non-monthly-paid) workers,14 day(s)
Asia,Bangladesh,2019,9 months,All,0 month(s)
Asia,Bangladesh,2019,9 months,permanent (monthly-paid) workers,120 day(s)
Asia,Bangladesh,2019,9 months,permanent (non-monthly-paid) workers,60 day(s)
Asia,Bangladesh,2019,9 months,temporary (monthly-paid) workers,30 day(s)
Asia,Bangladesh,2019,9 months,temporary (non-monthly-paid) workers,14 day(s)
Asia,Bangladesh,2019,2 years,All,1 month(s)
Asia,Bangladesh,2019,2 years,permanent (monthly-paid) workers,120 day(s)
Asia,Bangladesh,2019,2 years,permanent (non-monthly-paid) workers,60 day(s)
Asia,Bangladesh,2019,2 years,temporary (monthly-paid) workers,30 day(s)
Asia,Bangladesh,2019,2 years,temporary (non-monthly-paid) workers,14 day(s)
Asia,Bangladesh,2019,4 years,All,1 month(s)
Asia,Bangladesh,2019,4 years,permanent (monthly-paid) workers,120 day(s)
Asia,Bangladesh,2019,4 years,permanent (non-monthly-paid) workers,60 day(s)
Asia,Bangladesh,2019,4 years,temporary (monthly-paid) workers,30 day(s)
Asia,Bangladesh,2019,4 years,temporary (non-monthly-paid) workers,14 day(s)
Asia,Bangladesh,2019,5 years,All,1 month(s)
Asia,Bangladesh,2019,5 years,permanent (monthly-paid) workers,120 day(s)
Asia,Bangladesh,2019,5 years,permanent (non-monthly-paid) workers,60 day(s)
Asia,Bangladesh,2019,5 years,temporary (monthly-paid) workers,30 day(s)
Asia,Bangladesh,2019,5 years,temporary (non-monthly-paid) workers,14 day(s)
Asia,Bangladesh,2019,10 years,All,1 month(s)
Asia,Bangladesh,2019,10 years,permanent (monthly-paid) workers,120 day(s)
Asia,Bangladesh,2019,10 years,permanent (non-monthly-paid) workers,60 day(s)
Asia,Bangladesh,2019,10 years,temporary (monthly-paid) workers,30 day(s)
Asia,Bangladesh,2019,10 years,temporary (non-monthly-paid) workers,14 day(s)
Asia,Bangladesh,2019,20 years,All,1 month(s)
Asia,Bangladesh,2019,20 years,permanent (monthly-paid) workers,120 day(s)
Asia,Bangladesh,2019,20 years,permanent (non-monthly-paid) workers,60 day(s)
Asia,Bangladesh,2019,20 years,temporary (monthly-paid) workers,30 day(s)
Asia,Bangladesh,2019,20 years,temporary (non-monthly-paid) workers,14 day(s)
Europe,Belgium,2019,6 months,All,4 week(s)
Europe,Belgium,2019,9 months,All,7 week(s)
Europe,Belgium,2019,2 years,All,12 week(s)
Europe,Belgium,2019,4 years,All,15 week(s)
Europe,Belgium,2019,5 years,All,18 week(s)
Europe,Belgium,2019,10 years,All,33 week(s)
Europe,Belgium,2019,20 years,All,59 week(s)
Africa,Burkina Faso,2019,6 months,monthly paid workers,1 month(s)
Africa,Burkina Faso,2019,6 months,"hourly, daily or weekly paid workers",8 day(s)
Africa,Burkina Faso,2019,6 months,"first-line supervisors, technicians, engineers, executives",3 month(s)
Africa,Burkina Faso,2019,9 months,monthly paid workers,1 month(s)
Africa,Burkina Faso,2019,9 months,"hourly, daily or weekly paid workers",8 day(s)
Africa,Burkina Faso,2019,9 months,"first-line supervisors, technicians, engineers, executives",3 month(s)
Africa,Burkina Faso,2019,2 years,monthly paid workers,1 month(s)
Africa,Burkina Faso,2019,2 years,"hourly, daily or weekly paid workers",8 day(s)
Africa,Burkina Faso,2019,2 years,"first-line supervisors, technicians, engineers, executives",3 month(s)
Africa,Burkina Faso,2019,4 years,monthly paid workers,1 month(s)
Africa,Burkina Faso,2019,4 years,"hourly, daily or weekly paid workers",8 day(s)
Africa,Burkina Faso,2019,4 years,"first-line supervisors, technicians, engineers, executives",3 month(s)
Africa,Burkina Faso,2019,5 years,monthly paid workers,1 month(s)
Africa,Burkina Faso,2019,5 years,"hourly, daily or weekly paid workers",8 day(s)
Africa,Burkina Faso,2019,5 years,"first-line supervisors, technicians, engineers, executives",3 month(s)
Africa,Burkina Faso,2019,10 years,monthly paid workers,1 month(s)
Africa,Burkina Faso,2019,10 years,"hourly, daily or weekly paid workers",8 day(s)
Africa,Burkina Faso,2019,10 years,"first-line supervisors, technicians, engineers, executives",3 month(s)
Africa,Burkina Faso,2019,20 years,monthly paid workers,1 month(s)
Africa,Burkina Faso,2019,20 years,"hourly, daily or weekly paid workers",8 day(s)
Africa,Burkina Faso,2019,20 years,"first-line supervisors, technicians, engineers, executives",3 month(s)
Europe,Bulgaria,2019,6 months,All,30 day(s)
Europe,Bulgaria,2019,9 months,All,30 day(s)
Europe,Bulgaria,2019,2 years,All,30 day(s)
Europe,Bulgaria,2019,4 years,All,30 day(s)
Europe,Bulgaria,2019,5 years,All,30 day(s)
Europe,Bulgaria,2019,10 years,All,30 day(s)
Europe,Bulgaria,2019,20 years,All,30 day(s)
Americas,Bolivia,2019,6 months,permanent workers,3 month(s)
Americas,Bolivia,2019,6 months,temporary worker,1 week(s)
Americas,Bolivia,2019,9 months,permanent workers,3 month(s)
Americas,Bolivia,2019,9 months,temporary worker,15 day(s)
Americas,Bolivia,2019,2 years,permanent workers,3 month(s)
Americas,Bolivia,2019,2 years,temporary worker,30 day(s)
Americas,Bolivia,2019,4 years,permanent workers,3 month(s)
Americas,Bolivia,2019,4 years,temporary worker,30 day(s)
Americas,Bolivia,2019,5 years,permanent workers,3 month(s)
Americas,Bolivia,2019,5 years,temporary worker,30 day(s)
Americas,Bolivia,2019,10 years,permanent workers,3 month(s)
Americas,Bolivia,2019,10 years,temporary worker,30 day(s)
Americas,Bolivia,2019,20 years,permanent workers,3 month(s)
Americas,Bolivia,2019,20 years,temporary worker,30 day(s)
Americas,Brazil,2019,6 months,All,30 day(s)
Americas,Brazil,2019,9 months,All,30 day(s)
Americas,Brazil,2019,2 years,All,33 day(s)
Americas,Brazil,2019,4 years,All,39 day(s)
Americas,Brazil,2019,5 years,All,42 day(s)
Americas,Brazil,2019,10 years,All,57 day(s)
Americas,Brazil,2019,20 years,All,87 day(s)
Africa,Botswana,2018,6 months,All,1 week(s)
Africa,Botswana,2018,9 months,All,1 week(s)
Africa,Botswana,2018,1 year,All,1 week(s)
Africa,Botswana,2018,2 years,All,2 week(s)
Africa,Botswana,2018,4 years,All,2 week(s)
Africa,Botswana,2018,5 years,All,1 month(s)
Africa,Botswana,2018,10 years,All,6 week(s)
Africa,Botswana,2018,20 years,All,6 week(s)
Americas,Canada (Federal only),2012,6 months,All,2 week(s)
Americas,Canada (Federal only),2012,9 months,All,2 week(s)
Americas,Canada (Federal only),2012,2 years,All,2 week(s)
Americas,Canada (Federal only),2012,4 years,All,2 week(s)
Americas,Canada (Federal only),2012,5 years,All,2 week(s)
Americas,Canada (Federal only),2012,10 years,All,2 week(s)
Americas,Canada (Federal only),2012,20 years,All,2 week(s)
Africa,"Congo, Democratic Republic",2019,6 months,managerial and similar positions,3 month(s)
Africa,"Congo, Democratic Republic",2019,6 months,"first-line supervisors, technicians, engineers, executives",1 month(s)
Africa,"Congo, Democratic Republic",2019,6 months,worker&apos;s categories 1 to 5,14 day(s)
Africa,"Congo, Democratic Republic",2019,9 months,managerial and similar positions,3 month(s)
Africa,"Congo, Democratic Republic",2019,9 months,"first-line supervisors, technicians, engineers, executives",1 month(s)
Africa,"Congo, Democratic Republic",2019,9 months,worker&apos;s categories 1 to 5,14 day(s)
Africa,"Congo, Democratic Republic",2019,2 years,managerial and similar positions,122 day(s)
Africa,"Congo, Democratic Republic",2019,2 years,"first-line supervisors, technicians, engineers, executives",48 day(s)
Africa,"Congo, Democratic Republic",2019,2 years,worker&apos;s categories 1 to 5,28 day(s)
Africa,"Congo, Democratic Republic",2019,4 years,managerial and similar positions,154 day(s)
Africa,"Congo, Democratic Republic",2019,4 years,"first-line supervisors, technicians, engineers, executives",66 day(s)
Africa,"Congo, Democratic Republic",2019,4 years,worker&apos;s categories 1 to 5,42 day(s)
Africa,"Congo, Democratic Republic",2019,5 years,managerial and similar positions,170 day(s)
Africa,"Congo, Democratic Republic",2019,5 years,"first-line supervisors, technicians, engineers, executives",75 day(s)
Africa,"Congo, Democratic Republic",2019,5 years,worker&apos;s categories 1 to 5,49 day(s)
Africa,"Congo, Democratic Republic",2019,10 years,managerial and similar positions,250 day(s)
Africa,"Congo, Democratic Republic",2019,10 years,"first-line supervisors, technicians, engineers, executives",110 day(s)
Africa,"Congo, Democratic Republic",2019,10 years,worker&apos;s categories 1 to 5,84 day(s)
Africa,"Congo, Democratic Republic",2019,20 years,managerial and similar positions,410 day(s)
Africa,"Congo, Democratic Republic",2019,20 years,"first-line supervisors, technicians, engineers, executives",210 day(s)
Africa,"Congo, Democratic Republic",2019,20 years,worker&apos;s categories 1 to 5,154 day(s)
Africa,Central African Republic,2019,6 months,managerial and similar positions,3 month(s)
Africa,Central African Republic,2019,6 months,monthly paid workers,1 month(s)
Africa,Central African Republic,2019,6 months,first-line supervisors and technicians,2 month(s)
Africa,Central African Republic,2019,6 months,"fortnightly, weekly, daily or hourly paid workers",8 day(s)
Africa,Central African Republic,2019,9 months,managerial and similar positions,3 month(s)
Africa,Central African Republic,2019,9 months,monthly paid workers,1 month(s)
Africa,Central African Republic,2019,9 months,first-line supervisors and technicians,2 month(s)
Africa,Central African Republic,2019,9 months,"fortnightly, weekly or hourly paid workers",8 day(s)
Africa,Central African Republic,2019,2 years,managerial and similar positions,3 month(s)
Africa,Central African Republic,2019,2 years,monthly paid workers,1 month(s)
Africa,Central African Republic,2019,2 years,first-line supervisors and technicians,2 month(s)
Africa,Central African Republic,2019,2 years,"fortnightly, weekly or hourly paid workers",8 day(s)
Africa,Central African Republic,2019,4 years,managerial and similar positions,3 month(s)
Africa,Central African Republic,2019,4 years,monthly paid workers,1 month(s)
Africa,Central African Republic,2019,4 years,first-line supervisors and technicians,2 month(s)
Africa,Central African Republic,2019,4 years,"fortnightly, weekly or hourly paid workers",8 day(s)
Africa,Central African Republic,2019,5 years,managerial and similar positions,3 month(s)
Africa,Central African Republic,2019,5 years,monthly paid workers,1 month(s)
Africa,Central African Republic,2019,5 years,first-line supervisors and technicians,2 month(s)
Africa,Central African Republic,2019,5 years,"fortnightly, weekly, daily or hourly paid workers",8 day(s)
Africa,Central African Republic,2019,10 years,managerial and similar positions,3 month(s)
Africa,Central African Republic,2019,10 years,monthly paid workers,1 month(s)
Africa,Central African Republic,2019,10 years,first-line supervisors and technicians,2 month(s)
Africa,Central African Republic,2019,10 years,"fortnightly, weekly or hourly paid workers",8 day(s)
Africa,Central African Republic,2019,20 years,managerial and similar positions,3 month(s)
Africa,Central African Republic,2019,20 years,monthly paid workers,1 month(s)
Africa,Central African Republic,2019,20 years,first-line supervisors and technicians,2 month(s)
Africa,Central African Republic,2019,20 years,"fortnightly, weekly or hourly paid workers",8 day(s)
Europe,Switzerland,2019,6 months,All,1 month(s)
Europe,Switzerland,2019,9 months,All,1 month(s)
Europe,Switzerland,2019,2 years,All,2 month(s)
Europe,Switzerland,2019,4 years,All,2 month(s)
Europe,Switzerland,2019,5 years,All,2 month(s)
Europe,Switzerland,2019,10 years,All,3 month(s)
Europe,Switzerland,2019,20 years,All,3 month(s)
Africa,Côte d'Ivoire,2019,6 months,monthly paid workers (categories 1 to 5),1 month(s)
Africa,Côte d'Ivoire,2019,6 months,monthly paid workers (categories 6 to 10),3 month(s)
Africa,Côte d'Ivoire,2019,6 months,"fortnightly, weekly, daily or hourly paid workers",15 day(s)
Africa,Côte d'Ivoire,2019,9 months,monthly paid workers (categories 1 to 5),1 month(s)
Africa,Côte d'Ivoire,2019,9 months,monthly paid workers (categories 6 to 10),3 month(s)
Africa,Côte d'Ivoire,2019,9 months,"fortnightly, weekly, daily or hourly paid workers",15 day(s)
Africa,Côte d'Ivoire,2019,2 years,monthly paid workers (categories 1 to 5),1 month(s)
Africa,Côte d'Ivoire,2019,2 years,monthly paid workers (categories 6 to 10),3 month(s)
Africa,Côte d'Ivoire,2019,2 years,"fortnightly, weekly, daily or hourly paid workers",1 month(s)
Africa,Côte d'Ivoire,2019,4 years,monthly paid workers (categories 1 to 5),1 month(s)
Africa,Côte d'Ivoire,2019,4 years,monthly paid workers (categories 6 to 10),3 month(s)
Africa,Côte d'Ivoire,2019,4 years,"fortnightly, weekly, daily or hourly paid workers",1 month(s)
Africa,Côte d'Ivoire,2019,5 years,monthly paid workers (categories 1 to 5),1 month(s)
Africa,Côte d'Ivoire,2019,5 years,monthly paid workers (categories 6 to 10),3 month(s)
Africa,Côte d'Ivoire,2019,5 years,"fortnightly, weekly, daily or hourly paid workers",1 month(s)
Africa,Côte d'Ivoire,2019,10 years,monthly paid workers (categories 1 to 5),2 month(s)
Africa,Côte d'Ivoire,2019,10 years,monthly paid workers (categories 6 to 10),3 month(s)
Africa,Côte d'Ivoire,2019,10 years,"fortnightly, weekly, daily or hourly paid workers",2 month(s)
Africa,Côte d'Ivoire,2019,20 years,monthly paid workers (categories 1 to 5),4 month(s)
Africa,Côte d'Ivoire,2019,20 years,monthly paid workers (categories 6 to 10),4 month(s)
Africa,Côte d'Ivoire,2019,20 years,"fortnightly, weekly, daily or hourly paid workers",4 month(s)
Americas,Chile,2019,6 months,All,30 day(s)
Americas,Chile,2019,6 months,All,30 day(s)
Americas,Chile,2019,9 months,All,30 day(s)
Americas,Chile,2019,9 months,All,30 day(s)
Americas,Chile,2019,2 years,All,30 day(s)
Americas,Chile,2019,2 years,All,30 day(s)
Americas,Chile,2019,4 years,All,30 day(s)
Americas,Chile,2019,4 years,All,30 day(s)
Americas,Chile,2019,5 years,All,30 day(s)
Americas,Chile,2019,5 years,All,30 day(s)
Americas,Chile,2019,10 years,All,30 day(s)
Americas,Chile,2019,10 years,All,30 day(s)
Americas,Chile,2019,20 years,All,30 day(s)
Americas,Chile,2019,20 years,All,30 day(s)
Africa,Cameroon,2019,6 months,worker&apos;s categories I to VI and domestic workers,15 day(s)
Africa,Cameroon,2019,6 months,worker&apos;s categories VII to IX,1 month(s)
Africa,Cameroon,2019,6 months,worker&apos;s categories X to XII,1 month(s)
Africa,Cameroon,2019,9 months,worker&apos;s categories I to VI and domestic workers,15 day(s)
Africa,Cameroon,2019,9 months,worker&apos;s categories VII to IX,1 month(s)
Africa,Cameroon,2019,9 months,worker&apos;s categories X to XII,1 month(s)
Africa,Cameroon,2019,2 years,worker&apos;s categories I to VI and domestic workers,1 month(s)
Africa,Cameroon,2019,2 years,worker&apos;s categories VII to IX,2 month(s)
Africa,Cameroon,2019,2 years,worker&apos;s categories X to XII,3 month(s)
Africa,Cameroon,2019,4 years,worker&apos;s categories I to VI and domestic workers,1 month(s)
Africa,Cameroon,2019,4 years,worker&apos;s categories VII to IX,2 month(s)
Africa,Cameroon,2019,4 years,worker&apos;s categories X to XII,3 month(s)
Africa,Cameroon,2019,5 years,worker&apos;s categories I to VI and domestic workers,2 month(s)
Africa,Cameroon,2019,5 years,worker&apos;s categories VII to IX,3 month(s)
Africa,Cameroon,2019,5 years,worker&apos;s categories X to XII,4 month(s)
Africa,Cameroon,2019,10 years,worker&apos;s categories I to VI and domestic workers,2 month(s)
Africa,Cameroon,2019,10 years,worker&apos;s categories VII to IX,3 month(s)
Africa,Cameroon,2019,10 years,worker&apos;s categories X to XII,4 month(s)
Africa,Cameroon,2019,20 years,worker&apos;s categories I to VI and domestic workers,2 month(s)
Africa,Cameroon,2019,20 years,worker&apos;s categories VII to IX,3 month(s)
Africa,Cameroon,2019,20 years,worker&apos;s categories X to XII,4 month(s)
Asia,China,2017,6 months,All,30 day(s)
Asia,China,2017,9 months,All,30 day(s)
Asia,China,2017,2 years,All,30 day(s)
Asia,China,2017,4 years,All,30 day(s)
Asia,China,2017,5 years,All,30 day(s)
Asia,China,2017,10 years,All,30 day(s)
Asia,China,2017,20 years,All,30 day(s)
Americas,Costa Rica,2019,6 months,All,15 day(s)
Americas,Costa Rica,2019,9 months,All,15 day(s)
Americas,Costa Rica,2019,1 year,All,1 month(s)
Americas,Costa Rica,2019,2 years,All,1 month(s)
Americas,Costa Rica,2019,4 years,All,1 month(s)
Americas,Costa Rica,2019,5 years,All,1 month(s)
Americas,Costa Rica,2019,10 years,All,1 month(s)
Americas,Costa Rica,2019,20 years,All,1 month(s)
Europe,Cyprus,2019,6 months,All,1 week(s)
Europe,Cyprus,2019,9 months,All,1 week(s)
Europe,Cyprus,2019,2 years,All,4 week(s)
Europe,Cyprus,2019,4 years,All,6 week(s)
Europe,Cyprus,2019,5 years,All,7 week(s)
Europe,Cyprus,2019,10 years,All,8 week(s)
Europe,Cyprus,2019,20 years,All,8 week(s)
Europe,Czechia,2019,6 months,All,2 month(s)
Europe,Czechia,2019,9 months,All,2 month(s)
Europe,Czechia,2019,2 years,All,2 month(s)
Europe,Czechia,2019,4 years,All,2 month(s)
Europe,Czechia,2019,5 years,All,2 month(s)
Europe,Czechia,2019,10 years,All,2 month(s)
Europe,Czechia,2019,20 years,All,2 month(s)
Europe,Germany,2017,6 months,All,4 week(s)
Europe,Germany,2017,9 months,All,4 week(s)
Europe,Germany,2017,2 years,All,1 month(s)
Europe,Germany,2017,4 years,All,1 month(s)
Europe,Germany,2017,5 years,All,2 month(s)
Europe,Germany,2017,10 years,All,4 month(s)
Europe,Germany,2017,20 years,All,7 month(s)
Europe,Denmark,2017,6 months,white-collar workers,3 month(s)
Europe,Denmark,2017,9 months,white-collar workers,3 month(s)
Europe,Denmark,2017,2 years,white-collar workers,3 month(s)
Europe,Denmark,2017,4 years,white-collar workers,3 month(s)
Europe,Denmark,2017,5 years,white-collar workers,4 month(s)
Europe,Denmark,2017,10 years,white-collar workers,6 month(s)
Europe,Denmark,2017,20 years,white-collar workers,6 month(s)
Europe,Estonia,2017,6 months,All,15 day(s)
Europe,Estonia,2017,9 months,All,15 day(s)
Europe,Estonia,2017,2 years,All,30 day(s)
Europe,Estonia,2017,4 years,All,30 day(s)
Europe,Estonia,2017,5 years,All,60 day(s)
Europe,Estonia,2017,10 years,All,90 day(s)
Europe,Estonia,2017,20 years,All,90 day(s)
Africa,Egypt,2017,6 months,All,2 month(s)
Africa,Egypt,2017,9 months,All,2 month(s)
Africa,Egypt,2017,2 years,All,2 month(s)
Africa,Egypt,2017,4 years,All,2 month(s)
Africa,Egypt,2017,5 years,All,2 month(s)
Africa,Egypt,2017,10 years,All,3 month(s)
Africa,Egypt,2017,20 years,All,3 month(s)
Europe,Spain,2019,6 months,All,15 day(s)
Europe,Spain,2019,9 months,All,15 day(s)
Europe,Spain,2019,2 years,All,15 day(s)
Europe,Spain,2019,4 years,All,15 day(s)
Europe,Spain,2019,5 years,All,15 day(s)
Europe,Spain,2019,10 years,All,15 day(s)
Europe,Spain,2019,20 years,All,15 day(s)
Africa,Ethiopia,2013,6 months,All,1 month(s)
Africa,Ethiopia,2013,6 months,All,2 month(s)
Africa,Ethiopia,2013,9 months,All,1 month(s)
Africa,Ethiopia,2013,9 months,All,2 month(s)
Africa,Ethiopia,2013,2 years,All,2 month(s)
Africa,Ethiopia,2013,2 years,All,2 month(s)
Africa,Ethiopia,2013,4 years,All,2 month(s)
Africa,Ethiopia,2013,4 years,All,2 month(s)
Africa,Ethiopia,2013,5 years,All,2 month(s)
Africa,Ethiopia,2013,5 years,All,2 month(s)
Africa,Ethiopia,2013,10 years,All,3 month(s)
Africa,Ethiopia,2013,10 years,All,2 month(s)
Africa,Ethiopia,2013,20 years,All,3 month(s)
Africa,Ethiopia,2013,20 years,All,2 month(s)
Europe,Finland,2019,6 months,All,14 day(s)
Europe,Finland,2019,9 months,All,14 day(s)
Europe,Finland,2019,2 years,All,1 month(s)
Europe,Finland,2019,4 years,All,1 month(s)
Europe,Finland,2019,5 years,All,2 month(s)
Europe,Finland,2019,10 years,All,4 month(s)
Europe,Finland,2019,20 years,All,6 month(s)
Europe,France,2019,6 months,All,1 month(s)
Europe,France,2019,9 months,All,1 month(s)
Europe,France,2019,2 years,All,2 month(s)
Europe,France,2019,4 years,All,2 month(s)
Europe,France,2019,5 years,All,2 month(s)
Europe,France,2019,10 years,All,2 month(s)
Europe,France,2019,20 years,All,2 month(s)
Africa,Gabon,2019,6 months,All,15 day(s)
Africa,Gabon,2019,9 months,All,15 day(s)
Africa,Gabon,2019,2 years,All,1 month(s)
Africa,Gabon,2019,4 years,All,2 month(s)
Africa,Gabon,2019,5 years,All,3 month(s)
Africa,Gabon,2019,10 years,All,4 month(s)
Africa,Gabon,2019,20 years,All,6 month(s)
Europe,United Kingdom,2019,6 months,All,1 week(s)
Europe,United Kingdom,2019,9 months,All,1 week(s)
Europe,United Kingdom,2019,2 years,All,2 week(s)
Europe,United Kingdom,2019,4 years,All,4 week(s)
Europe,United Kingdom,2019,5 years,All,5 week(s)
Europe,United Kingdom,2019,10 years,All,10 week(s)
Europe,United Kingdom,2019,20 years,All,12 week(s)
Europe,Georgia,2019,6 months,All,30 day(s)
Europe,Georgia,2019,9 months,All,30 day(s)
Europe,Georgia,2019,2 years,All,30 day(s)
Europe,Georgia,2019,4 years,All,30 day(s)
Europe,Georgia,2019,5 years,All,30 day(s)
Europe,Georgia,2019,10 years,All,30 day(s)
Europe,Georgia,2019,20 years,All,30 day(s)
Africa,Ghana,2020,6 months,All,2 week(s)
Africa,Ghana,2020,9 months,All,2 week(s)
Africa,Ghana,2020,2 years,All,2 week(s)
Africa,Ghana,2020,4 years,All,1 month(s)
Africa,Ghana,2020,5 years,All,1 month(s)
Africa,Ghana,2020,10 years,All,1 month(s)
Africa,Ghana,2020,20 years,All,1 month(s)
Europe,Greece,2019,6 months,white-collar workers,0 month(s)
Europe,Greece,2019,6 months,blue-collar workers,0 month(s)
Europe,Greece,2019,9 months,white-collar workers,0 month(s)
Europe,Greece,2019,9 months,blue-collar workers,0 month(s)
Europe,Greece,2019,2 years,white-collar workers,2 month(s)
Europe,Greece,2019,2 years,blue-collar workers,0 month(s)
Europe,Greece,2019,4 years,white-collar workers,2 month(s)
Europe,Greece,2019,4 years,blue-collar workers,0 month(s)
Europe,Greece,2019,5 years,white-collar workers,3 month(s)
Europe,Greece,2019,5 years,blue-collar workers,0 month(s)
Europe,Greece,2019,10 years,white-collar workers,4 month(s)
Europe,Greece,2019,10 years,blue-collar workers,0 month(s)
Europe,Greece,2019,20 years,white-collar workers,4 month(s)
Europe,Greece,2019,20 years,blue-collar workers,0 month(s)
Americas,Guatemala,2019,6 months,All,0 day(s)
Americas,Guatemala,2019,9 months,All,0 day(s)
Americas,Guatemala,2019,1 year,All,0 day(s)
Americas,Guatemala,2019,2 years,All,0 day(s)
Americas,Guatemala,2019,4 years,All,0 day(s)
Americas,Guatemala,2019,5 years,All,0 day(s)
Americas,Guatemala,2019,10 years,All,0 day(s)
Americas,Guatemala,2019,20 years,All,0 day(s)
Americas,Honduras,2019,6 months,All,2 week(s)
Americas,Honduras,2019,9 months,All,2 week(s)
Americas,Honduras,2019,2 years,All,2 month(s)
Americas,Honduras,2019,4 years,All,2 month(s)
Americas,Honduras,2019,5 years,All,2 month(s)
Americas,Honduras,2019,10 years,All,2 month(s)
Americas,Honduras,2019,20 years,All,2 month(s)
Europe,Hungary,2019,6 months,All,30 day(s)
Europe,Hungary,2019,9 months,All,30 day(s)
Europe,Hungary,2019,2 years,All,30 day(s)
Europe,Hungary,2019,4 years,All,35 day(s)
Europe,Hungary,2019,5 years,All,45 day(s)
Europe,Hungary,2019,10 years,All,55 day(s)
Europe,Hungary,2019,20 years,All,90 day(s)
Asia,Indonesia,2019,6 months,All,0 month(s)
Asia,Indonesia,2019,9 months,All,0 month(s)
Asia,Indonesia,2019,1 year,All,0 month(s)
Asia,Indonesia,2019,2 years,All,0 month(s)
Asia,Indonesia,2019,4 years,All,0 month(s)
Asia,Indonesia,2019,5 years,All,0 month(s)
Asia,Indonesia,2019,10 years,All,0 month(s)
Asia,Indonesia,2019,20 years,All,0 month(s)
Asia,India,2019,6 months,permanent (monthly-paid) workers,1 month(s)
Asia,India,2019,6 months,permanent (non-monthly-paid) workers,2 week(s)
Asia,India,2019,9 months,permanent (monthly-paid) workers,1 month(s)
Asia,India,2019,9 months,permanent (non-monthly-paid) workers,2 week(s)
Asia,India,2019,1 year,permanent (monthly-paid) workers,1 month(s)
Asia,India,2019,1 year,permanent (non-monthly-paid) workers,2 week(s)
Asia,India,2019,2 years,permanent (monthly-paid) workers,1 month(s)
Asia,India,2019,2 years,permanent (non-monthly-paid) workers,2 week(s)
Asia,India,2019,4 years,permanent (monthly-paid) workers,1 month(s)
Asia,India,2019,4 years,permanent (non-monthly-paid) workers,2 week(s)
Asia,India,2019,5 years,permanent (monthly-paid) workers,1 month(s)
Asia,India,2019,5 years,permanent (non-monthly-paid) workers,2 week(s)
Asia,India,2019,10 years,permanent (monthly-paid) workers,1 month(s)
Asia,India,2019,10 years,permanent (non-monthly-paid) workers,2 week(s)
Asia,India,2019,20 years,permanent (monthly-paid) workers,1 month(s)
Asia,India,2019,20 years,permanent (non-monthly-paid) workers,2 week(s)
Asia,"Iran, Islamic Republic of",2010,6 months,All,0 month(s)
Asia,"Iran, Islamic Republic of",2010,9 months,All,0 month(s)
Asia,"Iran, Islamic Republic of",2010,2 years,All,0 month(s)
Asia,"Iran, Islamic Republic of",2010,4 years,All,0 month(s)
Asia,"Iran, Islamic Republic of",2010,5 years,All,0 month(s)
Asia,"Iran, Islamic Republic of",2010,10 years,All,0 month(s)
Asia,"Iran, Islamic Republic of",2010,20 years,All,0 month(s)
Arab States,Jordan,2019,6 months,All,1 month(s)
Arab States,Jordan,2019,9 months,All,1 month(s)
Arab States,Jordan,2019,2 years,All,1 month(s)
Arab States,Jordan,2019,4 years,All,1 month(s)
Arab States,Jordan,2019,5 years,All,1 month(s)
Arab States,Jordan,2019,10 years,All,1 month(s)
Arab States,Jordan,2019,20 years,All,1 month(s)
Asia,Japan,2019,6 months,All,30 day(s)
Asia,Japan,2019,9 months,All,30 day(s)
Asia,Japan,2019,2 years,All,30 day(s)
Asia,Japan,2019,4 years,All,30 day(s)
Asia,Japan,2019,5 years,All,30 day(s)
Asia,Japan,2019,10 years,All,30 day(s)
Asia,Japan,2019,20 years,All,30 day(s)
Europe,Kyrgyzstan,2019,6 months,All,2 week(s)
Europe,Kyrgyzstan,2019,6 months,All,1 month(s)
Europe,Kyrgyzstan,2019,9 months,All,2 week(s)
Europe,Kyrgyzstan,2019,9 months,All,1 month(s)
Europe,Kyrgyzstan,2019,1 year,All,2 week(s)
Europe,Kyrgyzstan,2019,1 year,All,1 month(s)
Europe,Kyrgyzstan,2019,2 years,All,2 week(s)
Europe,Kyrgyzstan,2019,2 years,All,1 month(s)
Europe,Kyrgyzstan,2019,4 years,All,2 week(s)
Europe,Kyrgyzstan,2019,4 years,All,1 month(s)
Europe,Kyrgyzstan,2019,5 years,All,2 week(s)
Europe,Kyrgyzstan,2019,5 years,All,1 month(s)
Europe,Kyrgyzstan,2019,10 years,All,2 week(s)
Europe,Kyrgyzstan,2019,10 years,All,1 month(s)
Europe,Kyrgyzstan,2019,20 years,All,2 week(s)
Europe,Kyrgyzstan,2019,20 years,All,1 month(s)
Asia,Cambodia,2018,6 months,All,15 day(s)
Asia,Cambodia,2018,9 months,All,15 day(s)
Asia,Cambodia,2018,2 years,All,15 day(s)
Asia,Cambodia,2018,4 years,All,1 month(s)
Asia,Cambodia,2018,5 years,All,1 month(s)
Asia,Cambodia,2018,10 years,All,2 month(s)
Asia,Cambodia,2018,20 years,All,3 month(s)
Africa,Comoros,2019,6 months,All,0 month(s)
Africa,Comoros,2019,9 months,All,0 month(s)
Africa,Comoros,2019,2 years,All,0 month(s)
Africa,Comoros,2019,4 years,All,0 month(s)
Africa,Comoros,2019,5 years,All,0 month(s)
Africa,Comoros,2019,10 years,All,0 month(s)
Africa,Comoros,2019,20 years,All,0 month(s)
Asia,"Korea, Republic of",2019,6 months,All,30 day(s)
Asia,"Korea, Republic of",2019,9 months,All,30 day(s)
Asia,"Korea, Republic of",2019,2 years,All,30 day(s)
Asia,"Korea, Republic of",2019,4 years,All,30 day(s)
Asia,"Korea, Republic of",2019,5 years,All,30 day(s)
Asia,"Korea, Republic of",2019,10 years,All,30 day(s)
Asia,"Korea, Republic of",2019,20 years,All,30 day(s)
Europe,Kazakhstan,2019,6 months,All,21 day(s)
Europe,Kazakhstan,2019,9 months,All,21 day(s)
Europe,Kazakhstan,2019,1 year,All,21 day(s)
Europe,Kazakhstan,2019,2 years,All,21 day(s)
Europe,Kazakhstan,2019,4 years,All,21 day(s)
Europe,Kazakhstan,2019,5 years,All,21 day(s)
Europe,Kazakhstan,2019,10 years,All,21 day(s)
Europe,Kazakhstan,2019,20 years,All,21 day(s)
Americas,Saint Lucia,2017,6 months,All,1 week(s)
Americas,Saint Lucia,2017,9 months,All,1 week(s)
Americas,Saint Lucia,2017,2 years,All,2 week(s)
Americas,Saint Lucia,2017,4 years,All,2 week(s)
Americas,Saint Lucia,2017,5 years,All,4 week(s)
Americas,Saint Lucia,2017,10 years,All,6 week(s)
Americas,Saint Lucia,2017,20 years,All,6 week(s)
Asia,Sri Lanka,2019,6 months,All,0 month(s)
Asia,Sri Lanka,2019,9 months,All,0 month(s)
Asia,Sri Lanka,2019,2 years,All,1 month(s)
Asia,Sri Lanka,2019,4 years,All,1 month(s)
Asia,Sri Lanka,2019,5 years,All,1 month(s)
Asia,Sri Lanka,2019,10 years,All,1 month(s)
Asia,Sri Lanka,2019,20 years,All,1 month(s)
Africa,Lesotho,2019,6 months,All,2 week(s)
Africa,Lesotho,2019,9 months,All,2 week(s)
Africa,Lesotho,2019,2 years,All,1 month(s)
Africa,Lesotho,2019,4 years,All,1 month(s)
Africa,Lesotho,2019,5 years,All,1 month(s)
Africa,Lesotho,2019,10 years,All,1 month(s)
Africa,Lesotho,2019,20 years,All,1 month(s)
Europe,Luxembourg,2019,6 months,All,2 month(s)
Europe,Luxembourg,2019,9 months,All,2 month(s)
Europe,Luxembourg,2019,2 years,All,2 month(s)
Europe,Luxembourg,2019,4 years,All,2 month(s)
Europe,Luxembourg,2019,5 years,All,4 month(s)
Europe,Luxembourg,2019,10 years,All,6 month(s)
Europe,Luxembourg,2019,20 years,All,6 month(s)
Africa,Morocco,2019,6 months,managerial and similar positions,1 month(s)
Africa,Morocco,2019,6 months,white-collars and blue-collars,8 day(s)
Africa,Morocco,2019,9 months,managerial and similar positions,1 month(s)
Africa,Morocco,2019,9 months,white-collars and blue-collars,8 day(s)
Africa,Morocco,2019,1 year,managerial and similar positions,2 month(s)
Africa,Morocco,2019,1 year,white-collars and blue-collars,1 month(s)
Africa,Morocco,2019,2 years,managerial and similar positions,2 month(s)
Africa,Morocco,2019,2 years,white-collars and blue-collars,1 month(s)
Africa,Morocco,2019,4 years,managerial and similar positions,2 month(s)
Africa,Morocco,2019,4 years,white-collars and blue-collars,1 month(s)
Africa,Morocco,2019,5 years,managerial and similar positions,2 month(s)
Africa,Morocco,2019,5 years,white-collars and blue-collars,1 month(s)
Africa,Morocco,2019,10 years,managerial and similar positions,3 month(s)
Africa,Morocco,2019,10 years,white-collars and blue-collars,2 month(s)
Africa,Morocco,2019,20 years,managerial and similar positions,3 month(s)
Africa,Morocco,2019,20 years,white-collars and blue-collars,2 month(s)
Europe,"Moldova, Republic of",2017,6 months,All,1 month(s)
Europe,"Moldova, Republic of",2017,6 months,All,2 month(s)
Europe,"Moldova, Republic of",2017,9 months,All,1 month(s)
Europe,"Moldova, Republic of",2017,9 months,All,2 month(s)
Europe,"Moldova, Republic of",2017,2 years,All,1 month(s)
Europe,"Moldova, Republic of",2017,2 years,All,2 month(s)
Europe,"Moldova, Republic of",2017,4 years,All,1 month(s)
Europe,"Moldova, Republic of",2017,4 years,All,2 month(s)
Europe,"Moldova, Republic of",2017,5 years,All,1 month(s)
Europe,"Moldova, Republic of",2017,5 years,All,2 month(s)
Europe,"Moldova, Republic of",2017,10 years,All,1 month(s)
Europe,"Moldova, Republic of",2017,10 years,All,2 month(s)
Europe,"Moldova, Republic of",2017,20 years,All,1 month(s)
Europe,"Moldova, Republic of",2017,20 years,All,2 month(s)
Europe,Montenegro,2020,6 months,All,30 day(s)
Europe,Montenegro,2020,9 months,All,30 day(s)
Europe,Montenegro,2020,1 year,All,30 day(s)
Europe,Montenegro,2020,2 years,All,30 day(s)
Europe,Montenegro,2020,4 years,All,30 day(s)
Europe,Montenegro,2020,5 years,All,30 day(s)
Europe,Montenegro,2020,10 years,All,30 day(s)
Europe,Montenegro,2020,20 years,All,30 day(s)
Africa,Madagascar,2019,6 months,Workers&apos; category I,8 day(s)
Africa,Madagascar,2019,6 months,Workers&apos; category II,15 day(s)
Africa,Madagascar,2019,6 months,Workers&apos; category III,1 month(s)
Africa,Madagascar,2019,6 months,Workers&apos; category IV,45 day(s)
Africa,Madagascar,2019,6 months,Workers&apos; category V,3 month(s)
Africa,Madagascar,2019,9 months,Workers&apos; category I,8 day(s)
Africa,Madagascar,2019,9 months,Workers&apos; category II,15 day(s)
Africa,Madagascar,2019,9 months,Workers&apos; category III,1 month(s)
Africa,Madagascar,2019,9 months,Workers&apos; category IV,45 day(s)
Africa,Madagascar,2019,9 months,Workers&apos; category V,3 month(s)
Africa,Madagascar,2019,2 years,Workers&apos; category I,10 day(s)
Africa,Madagascar,2019,2 years,Workers&apos; category II,1 month(s)
Africa,Madagascar,2019,2 years,Workers&apos; category III,45 day(s)
Africa,Madagascar,2019,2 years,Workers&apos; category IV,75 day(s)
Africa,Madagascar,2019,2 years,Workers&apos; category V,4 month(s)
Africa,Madagascar,2019,4 years,Workers&apos; category I,18 day(s)
Africa,Madagascar,2019,4 years,Workers&apos; category II,38 day(s)
Africa,Madagascar,2019,4 years,Workers&apos; category III,53 day(s)
Africa,Madagascar,2019,4 years,Workers&apos; category IV,83 day(s)
Africa,Madagascar,2019,4 years,Workers&apos; category V,128 day(s)
Africa,Madagascar,2019,5 years,Workers&apos; category I,1 month(s)
Africa,Madagascar,2019,5 years,Workers&apos; category II,45 day(s)
Africa,Madagascar,2019,5 years,Workers&apos; category III,2 month(s)
Africa,Madagascar,2019,5 years,Workers&apos; category IV,3 month(s)
Africa,Madagascar,2019,5 years,Workers&apos; category V,6 month(s)
Africa,Madagascar,2019,10 years,Workers&apos; category I,1 month(s)
Africa,Madagascar,2019,10 years,Workers&apos; category II,45 day(s)
Africa,Madagascar,2019,10 years,Workers&apos; category III,2 month(s)
Africa,Madagascar,2019,10 years,Workers&apos; category IV,3 month(s)
Africa,Madagascar,2019,10 years,Workers&apos; category V,6 month(s)
Africa,Madagascar,2019,20 years,Workers&apos; category I,1 month(s)
Africa,Madagascar,2019,20 years,Workers&apos; category II,45 day(s)
Africa,Madagascar,2019,20 years,Workers&apos; category III,2 month(s)
Africa,Madagascar,2019,20 years,Workers&apos; category IV,3 month(s)
Africa,Madagascar,2019,20 years,Workers&apos; category V,6 month(s)
Europe,North Macedonia,2017,6 months,All,1 month(s)
Europe,North Macedonia,2017,9 months,All,1 month(s)
Europe,North Macedonia,2017,2 years,All,1 month(s)
Europe,North Macedonia,2017,4 years,All,1 month(s)
Europe,North Macedonia,2017,5 years,All,1 month(s)
Europe,North Macedonia,2017,10 years,All,1 month(s)
Europe,North Macedonia,2017,20 years,All,1 month(s)
Asia,Mongolia,2017,6 months,All,1 month(s)
Asia,Mongolia,2017,6 months,All,1 month(s)
Asia,Mongolia,2017,9 months,All,1 month(s)
Asia,Mongolia,2017,9 months,All,1 month(s)
Asia,Mongolia,2017,2 years,All,1 month(s)
Asia,Mongolia,2017,2 years,All,1 month(s)
Asia,Mongolia,2017,4 years,All,1 month(s)
Asia,Mongolia,2017,4 years,All,1 month(s)
Asia,Mongolia,2017,5 years,All,1 month(s)
Asia,Mongolia,2017,5 years,All,1 month(s)
Asia,Mongolia,2017,10 years,All,1 month(s)
Asia,Mongolia,2017,10 years,All,1 month(s)
Asia,Mongolia,2017,20 years,All,1 month(s)
Asia,Mongolia,2017,20 years,All,1 month(s)
Africa,Malawi,2019,6 months,monthly paid workers,1 month(s)
Africa,Malawi,2019,6 months,fortnightly paid workers,2 week(s)
Africa,Malawi,2019,6 months,hourly or weekly paid workers,1 week(s)
Africa,Malawi,2019,6 months,fixed-term workers,14 day(s)
Africa,Malawi,2019,9 months,monthly paid workers,1 month(s)
Africa,Malawi,2019,9 months,fortnightly paid workers,2 week(s)
Africa,Malawi,2019,9 months,hourly or weekly paid workers,1 week(s)
Africa,Malawi,2019,9 months,fixed-term workers,14 day(s)
Africa,Malawi,2019,2 years,monthly paid workers,1 month(s)
Africa,Malawi,2019,2 years,"fortnightly, weekly or hourly paid workers",2 week(s)
Africa,Malawi,2019,2 years,fixed-term workers,14 day(s)
Africa,Malawi,2019,4 years,monthly paid workers,1 month(s)
Africa,Malawi,2019,4 years,"fortnightly, weekly or hourly paid workers",2 week(s)
Africa,Malawi,2019,4 years,fixed-term workers,14 day(s)
Africa,Malawi,2019,5 years,monthly paid workers,1 month(s)
Africa,Malawi,2019,5 years,"fortnightly, weekly or hourly paid workers",1 month(s)
Africa,Malawi,2019,5 years,fixed-term workers,14 day(s)
Africa,Malawi,2019,10 years,monthly paid workers,1 month(s)
Africa,Malawi,2019,10 years,"fortnightly, weekly or hourly paid workers",1 month(s)
Africa,Malawi,2019,10 years,fixed-term workers,14 day(s)
Africa,Malawi,2019,20 years,monthly paid workers,1 month(s)
Africa,Malawi,2019,20 years,"fortnightly, weekly or hourly paid workers",1 month(s)
Africa,Malawi,2019,20 years,fixed-term workers,14 day(s)
Americas,Mexico,2019,6 months,All,0 month(s)
Americas,Mexico,2019,9 months,All,0 month(s)
Americas,Mexico,2019,2 years,All,0 month(s)
Americas,Mexico,2019,4 years,All,0 month(s)
Americas,Mexico,2019,5 years,All,0 month(s)
Americas,Mexico,2019,10 years,All,0 month(s)
Americas,Mexico,2019,20 years,All,0 month(s)
Asia,Malaysia,2018,6 months,All,4 week(s)
Asia,Malaysia,2018,9 months,All,4 week(s)
Asia,Malaysia,2018,2 years,All,6 week(s)
Asia,Malaysia,2018,4 years,All,6 week(s)
Asia,Malaysia,2018,5 years,All,8 week(s)
Asia,Malaysia,2018,10 years,All,8 week(s)
Asia,Malaysia,2018,20 years,All,8 week(s)
Africa,Mozambique,2019,6 months,All,30 day(s)
Africa,Mozambique,2019,1 year,All,30 day(s)
Africa,Mozambique,2019,5 years,All,30 day(s)
Africa,Mozambique,2019,10 years,All,30 day(s)
Africa,Mozambique,2019,20 years,All,30 day(s)
Africa,Namibia,2019,6 months,All,1 week(s)
Africa,Namibia,2019,9 months,All,1 week(s)
Africa,Namibia,2019,2 years,All,1 month(s)
Africa,Namibia,2019,4 years,All,1 month(s)
Africa,Namibia,2019,5 years,All,1 month(s)
Africa,Namibia,2019,10 years,All,1 month(s)
Africa,Namibia,2019,20 years,All,1 month(s)
Africa,Niger,2019,6 months,monthly paid workers,1 month(s)
Africa,Niger,2019,6 months,"hourly, daily or weekly paid workers",8 day(s)
Africa,Niger,2019,6 months,first-line supervisors and technicians,1 month(s)
Africa,Niger,2019,6 months,"engineers, executives and top executives",3 month(s)
Africa,Niger,2019,9 months,monthly paid workers,1 month(s)
Africa,Niger,2019,9 months,"hourly, daily or weekly paid workers",8 day(s)
Africa,Niger,2019,9 months,first-line supervisors and technicians,1 month(s)
Africa,Niger,2019,9 months,"engineers, executives and top executives",3 month(s)
Africa,Niger,2019,2 years,monthly paid workers,1 month(s)
Africa,Niger,2019,2 years,"hourly, daily or weekly paid workers",8 day(s)
Africa,Niger,2019,2 years,first-line supervisors and technicians,1 month(s)
Africa,Niger,2019,2 years,"engineers, executives and top executives",3 month(s)
Africa,Niger,2019,4 years,monthly paid workers,1 month(s)
Africa,Niger,2019,4 years,"hourly, daily or weekly paid workers",8 day(s)
Africa,Niger,2019,4 years,first-line supervisors and technicians,1 month(s)
Africa,Niger,2019,4 years,"engineers, executives and top executives",3 month(s)
Africa,Niger,2019,5 years,monthly paid workers,1 month(s)
Africa,Niger,2019,5 years,"hourly, daily or weekly paid workers",8 day(s)
Africa,Niger,2019,5 years,first-line supervisors and technicians,1 month(s)
Africa,Niger,2019,5 years,"engineers, executives and top executives",3 month(s)
Africa,Niger,2019,10 years,monthly paid workers,1 month(s)
Africa,Niger,2019,10 years,"hourly, daily or weekly paid workers",8 day(s)
Africa,Niger,2019,10 years,first-line supervisors and technicians,1 month(s)
Africa,Niger,2019,10 years,"engineers, executives and top executives",3 month(s)
Africa,Niger,2019,20 years,monthly paid workers,1 month(s)
Africa,Niger,2019,20 years,"hourly, daily or weekly paid workers",8 day(s)
Africa,Niger,2019,20 years,first-line supervisors and technicians,1 month(s)
Africa,Niger,2019,20 years,"engineers, executives and top executives",3 month(s)
Africa,Nigeria,2020,6 months,All,1 week(s)
Africa,Nigeria,2020,9 months,All,1 week(s)
Africa,Nigeria,2020,1 year,All,1 week(s)
Africa,Nigeria,2020,2 years,All,2 week(s)
Africa,Nigeria,2020,4 years,All,2 week(s)
Africa,Nigeria,2020,5 years,All,1 month(s)
Africa,Nigeria,2020,10 years,All,1 month(s)
Africa,Nigeria,2020,20 years,All,1 month(s)
Europe,Netherlands,2019,6 months,All,1 month(s)
Europe,Netherlands,2019,9 months,All,1 month(s)
Europe,Netherlands,2019,1 year,All,1 month(s)
Europe,Netherlands,2019,2 years,All,1 month(s)
Europe,Netherlands,2019,4 years,All,1 month(s)
Europe,Netherlands,2019,5 years,All,2 month(s)
Europe,Netherlands,2019,10 years,All,3 month(s)
Europe,Netherlands,2019,20 years,All,4 month(s)
Europe,Norway,2019,6 months,All,1 month(s)
Europe,Norway,2019,9 months,All,1 month(s)
Europe,Norway,2019,2 years,All,1 month(s)
Europe,Norway,2019,4 years,All,1 month(s)
Europe,Norway,2019,5 years,All,2 month(s)
Europe,Norway,2019,10 years,employee < 50 years old,3 month(s)
Europe,Norway,2019,10 years,employees &ge; 50 years old,4 month(s)
Europe,Norway,2019,10 years,employees &ge; 55 years old,5 month(s)
Europe,Norway,2019,10 years,employees &ge; 60 years old,6 month(s)
Europe,Norway,2019,20 years,employee < 50 years old,3 month(s)
Europe,Norway,2019,20 years,employees &ge; 50 years old,4 month(s)
Europe,Norway,2019,20 years,employees &ge; 55 years old,5 month(s)
Europe,Norway,2019,20 years,employees &ge; 60 years old,6 month(s)
Asia,New Zealand,2019,6 months,All,0 month(s)
Asia,New Zealand,2019,9 months,All,0 month(s)
Asia,New Zealand,2019,2 years,All,0 month(s)
Asia,New Zealand,2019,4 years,All,0 month(s)
Asia,New Zealand,2019,5 years,All,0 month(s)
Asia,New Zealand,2019,10 years,All,0 month(s)
Asia,New Zealand,2019,20 years,All,0 month(s)
Americas,Panama,2019,6 months,All,0 month(s)
Americas,Panama,2019,9 months,All,0 month(s)
Americas,Panama,2019,2 years,All,0 month(s)
Americas,Panama,2019,4 years,All,0 month(s)
Americas,Panama,2019,5 years,All,0 month(s)
Americas,Panama,2019,10 years,All,0 month(s)
Americas,Panama,2019,20 years,All,0 month(s)
Americas,Peru,2019,6 months,All,6 day(s)
Americas,Peru,2019,6 months,All,30 day(s)
Americas,Peru,2019,9 months,All,6 day(s)
Americas,Peru,2019,9 months,All,30 day(s)
Americas,Peru,2019,2 years,All,6 day(s)
Americas,Peru,2019,2 years,All,30 day(s)
Americas,Peru,2019,4 years,All,6 day(s)
Americas,Peru,2019,4 years,All,30 day(s)
Americas,Peru,2019,5 years,All,6 day(s)
Americas,Peru,2019,5 years,All,30 day(s)
Americas,Peru,2019,10 years,All,6 day(s)
Americas,Peru,2019,10 years,All,30 day(s)
Americas,Peru,2019,20 years,All,6 day(s)
Americas,Peru,2019,20 years,All,30 day(s)
Asia,Philippines,2019,6 months,All,1 month(s)
Asia,Philippines,2019,9 months,All,1 month(s)
Asia,Philippines,2019,2 years,All,1 month(s)
Asia,Philippines,2019,4 years,All,1 month(s)
Asia,Philippines,2019,5 years,All,1 month(s)
Asia,Philippines,2019,10 years,All,1 month(s)
Asia,Philippines,2019,20 years,All,1 month(s)
Europe,Portugal,2019,6 months,All,15 day(s)
Europe,Portugal,2019,9 months,All,15 day(s)
Europe,Portugal,2019,2 years,All,30 day(s)
Europe,Portugal,2019,4 years,All,30 day(s)
Europe,Portugal,2019,5 years,All,60 day(s)
Europe,Portugal,2019,10 years,All,75 day(s)
Europe,Portugal,2019,20 years,All,75 day(s)
Americas,Paraguay,2019,6 months,All,30 day(s)
Americas,Paraguay,2019,9 months,All,30 day(s)
Americas,Paraguay,2019,1 year,All,30 day(s)
Americas,Paraguay,2019,2 years,All,45 day(s)
Americas,Paraguay,2019,4 years,All,45 day(s)
Americas,Paraguay,2019,5 years,All,45 day(s)
Americas,Paraguay,2019,10 years,All,60 day(s)
Americas,Paraguay,2019,20 years,All,90 day(s)
Europe,Romania,2019,6 months,All,20 day(s)
Europe,Romania,2019,9 months,All,20 day(s)
Europe,Romania,2019,2 years,All,20 day(s)
Europe,Romania,2019,4 years,All,20 day(s)
Europe,Romania,2019,5 years,All,20 day(s)
Europe,Romania,2019,10 years,All,20 day(s)
Europe,Romania,2019,20 years,All,20 day(s)
Europe,Russian Federation,2019,6 months,All,2 month(s)
Europe,Russian Federation,2019,9 months,All,2 month(s)
Europe,Russian Federation,2019,1 year,All,2 month(s)
Europe,Russian Federation,2019,2 years,All,2 month(s)
Europe,Russian Federation,2019,4 years,All,2 month(s)
Europe,Russian Federation,2019,5 years,All,2 month(s)
Europe,Russian Federation,2019,10 years,All,2 month(s)
Europe,Russian Federation,2019,20 years,All,2 month(s)
Africa,Rwanda,2019,6 months,All,15 day(s)
Africa,Rwanda,2019,9 months,All,15 day(s)
Africa,Rwanda,2019,2 years,All,1 month(s)
Africa,Rwanda,2019,4 years,All,1 month(s)
Africa,Rwanda,2019,5 years,All,1 month(s)
Africa,Rwanda,2019,10 years,All,1 month(s)
Africa,Rwanda,2019,20 years,All,1 month(s)
Arab States,Saudi Arabia,2017,6 months,monthly paid workers,1 month(s)
Arab States,Saudi Arabia,2017,6 months,non-monthly paid workers,15 day(s)
Arab States,Saudi Arabia,2017,9 months,monthly paid workers,1 month(s)
Arab States,Saudi Arabia,2017,9 months,non-monthly paid workers,15 day(s)
Arab States,Saudi Arabia,2017,2 years,monthly paid workers,1 month(s)
Arab States,Saudi Arabia,2017,2 years,non-monthly paid workers,15 day(s)
Arab States,Saudi Arabia,2017,4 years,monthly paid workers,1 month(s)
Arab States,Saudi Arabia,2017,4 years,non-monthly paid workers,15 day(s)
Arab States,Saudi Arabia,2017,5 years,monthly paid workers,1 month(s)
Arab States,Saudi Arabia,2017,5 years,non-monthly paid workers,15 day(s)
Arab States,Saudi Arabia,2017,10 years,monthly paid workers,1 month(s)
Arab States,Saudi Arabia,2017,10 years,non-monthly paid workers,15 day(s)
Arab States,Saudi Arabia,2017,20 years,monthly paid workers,1 month(s)
Arab States,Saudi Arabia,2017,20 years,non-monthly paid workers,15 day(s)
Europe,Sweden,2017,6 months,All,1 month(s)
Europe,Sweden,2017,9 months,All,1 month(s)
Europe,Sweden,2017,2 years,All,2 month(s)
Europe,Sweden,2017,4 years,All,3 month(s)
Europe,Sweden,2017,5 years,All,3 month(s)
Europe,Sweden,2017,10 years,All,6 month(s)
Europe,Sweden,2017,20 years,All,6 month(s)
Asia,Singapore,2019,6 months,All,1 week(s)
Asia,Singapore,2019,9 months,All,1 week(s)
Asia,Singapore,2019,2 years,All,2 week(s)
Asia,Singapore,2019,4 years,All,2 week(s)
Asia,Singapore,2019,5 years,All,4 week(s)
Asia,Singapore,2019,10 years,All,4 week(s)
Asia,Singapore,2019,20 years,All,4 week(s)
Europe,Slovenia,2019,6 months,All,15 day(s)
Europe,Slovenia,2019,6 months,All,15 day(s)
Europe,Slovenia,2019,9 months,All,15 day(s)
Europe,Slovenia,2019,9 months,All,15 day(s)
Europe,Slovenia,2019,1 year,All,15 day(s)
Europe,Slovenia,2019,1 year,All,15 day(s)
Europe,Slovenia,2019,2 years,All,30 day(s)
Europe,Slovenia,2019,2 years,All,15 day(s)
Europe,Slovenia,2019,4 years,All,34 day(s)
Europe,Slovenia,2019,4 years,All,15 day(s)
Europe,Slovenia,2019,5 years,All,36 day(s)
Europe,Slovenia,2019,5 years,All,15 day(s)
Europe,Slovenia,2019,10 years,All,46 day(s)
Europe,Slovenia,2019,10 years,All,15 day(s)
Europe,Slovenia,2019,20 years,All,60 day(s)
Europe,Slovenia,2019,20 years,All,15 day(s)
Europe,Slovakia,2019,6 months,All,1 month(s)
Europe,Slovakia,2019,6 months,All,1 month(s)
Europe,Slovakia,2019,9 months,All,1 month(s)
Europe,Slovakia,2019,9 months,All,1 month(s)
Europe,Slovakia,2019,2 years,All,2 month(s)
Europe,Slovakia,2019,2 years,All,2 month(s)
Europe,Slovakia,2019,4 years,All,2 month(s)
Europe,Slovakia,2019,4 years,All,2 month(s)
Europe,Slovakia,2019,5 years,All,2 month(s)
Europe,Slovakia,2019,5 years,All,3 month(s)
Europe,Slovakia,2019,10 years,All,2 month(s)
Europe,Slovakia,2019,10 years,All,3 month(s)
Europe,Slovakia,2019,20 years,All,2 month(s)
Europe,Slovakia,2019,20 years,All,3 month(s)
Africa,Senegal,2019,6 months,managerial and similar positions,3 month(s)
Africa,Senegal,2019,6 months,monthly paid workers,1 month(s)
Africa,Senegal,2019,6 months,"hourly, daily, weekly paid blue-collar workers (categories 1 to 4)",8 day(s)
Africa,Senegal,2019,6 months,"hourly, daily, weekly paid blue-collar workers (categories 5 to 7)",15 day(s)
Africa,Senegal,2019,9 months,managerial and similar positions,3 month(s)
Africa,Senegal,2019,9 months,monthly paid workers,1 month(s)
Africa,Senegal,2019,9 months,"hourly, daily, weekly paid blue-collar workers (categories 1 to 4)",8 day(s)
Africa,Senegal,2019,9 months,"hourly, daily, weekly paid blue-collar workers (categories 5 to 7)",15 day(s)
Africa,Senegal,2019,2 years,managerial and similar positions,3 month(s)
Africa,Senegal,2019,2 years,monthly paid workers,1 month(s)
Africa,Senegal,2019,2 years,"hourly, daily, weekly paid blue-collar workers (categories 1 to 7)",15 day(s)
Africa,Senegal,2019,4 years,managerial and similar positions,3 month(s)
Africa,Senegal,2019,4 years,monthly paid workers,1 month(s)
Africa,Senegal,2019,4 years,"hourly, daily, weekly paid blue-collar workers (categories 1 to 7)",15 day(s)
Africa,Senegal,2019,5 years,managerial and similar positions,3 month(s)
Africa,Senegal,2019,5 years,monthly paid workers,1 month(s)
Africa,Senegal,2019,5 years,"hourly, daily, weekly paid blue-collar workers (categories 1 to 7)",1 month(s)
Africa,Senegal,2019,10 years,managerial and similar positions,3 month(s)
Africa,Senegal,2019,10 years,monthly paid workers,1 month(s)
Africa,Senegal,2019,10 years,"hourly, daily, weekly paid blue-collar workers (categories 1 to 7)",1 month(s)
Africa,Senegal,2019,20 years,managerial and similar positions,3 month(s)
Africa,Senegal,2019,20 years,monthly paid workers,1 month(s)
Africa,Senegal,2019,20 years,"hourly, daily, weekly paid blue-collar workers (categories 1 to 7)",1 month(s)
Americas,El Salvador,2019,6 months,All,0 month(s)
Americas,El Salvador,2019,9 months,All,0 month(s)
Americas,El Salvador,2019,2 years,All,0 month(s)
Americas,El Salvador,2019,4 years,All,0 month(s)
Americas,El Salvador,2019,5 years,All,0 month(s)
Americas,El Salvador,2019,10 years,All,0 month(s)
Americas,El Salvador,2019,20 years,All,0 month(s)
Arab States,Syrian Arab Republic,2013,6 months,All,2 month(s)
Arab States,Syrian Arab Republic,2013,9 months,All,2 month(s)
Arab States,Syrian Arab Republic,2013,2 years,All,2 month(s)
Arab States,Syrian Arab Republic,2013,4 years,All,2 month(s)
Arab States,Syrian Arab Republic,2013,5 years,All,2 month(s)
Arab States,Syrian Arab Republic,2013,10 years,All,2 month(s)
Arab States,Syrian Arab Republic,2013,20 years,All,2 month(s)
Asia,Thailand,2019,6 months,monthly paid workers,1 month(s)
Asia,Thailand,2019,9 months,monthly paid workers,1 month(s)
Asia,Thailand,2019,1 year,monthly paid workers,1 month(s)
Asia,Thailand,2019,2 years,monthly paid workers,1 month(s)
Asia,Thailand,2019,4 years,monthly paid workers,1 month(s)
Asia,Thailand,2019,5 years,monthly paid workers,1 month(s)
Asia,Thailand,2019,10 years,monthly paid workers,1 month(s)
Asia,Thailand,2019,20 years,monthly paid workers,1 month(s)
Europe,Tajikistan,2019,6 months,All,2 month(s)
Europe,Tajikistan,2019,6 months,All,1 month(s)
Europe,Tajikistan,2019,9 months,All,2 month(s)
Europe,Tajikistan,2019,9 months,All,1 month(s)
Europe,Tajikistan,2019,2 years,All,2 month(s)
Europe,Tajikistan,2019,2 years,All,1 month(s)
Europe,Tajikistan,2019,4 years,All,2 month(s)
Europe,Tajikistan,2019,4 years,All,1 month(s)
Europe,Tajikistan,2019,5 years,All,2 month(s)
Europe,Tajikistan,2019,5 years,All,1 month(s)
Europe,Tajikistan,2019,10 years,All,2 month(s)
Europe,Tajikistan,2019,10 years,All,1 month(s)
Europe,Tajikistan,2019,20 years,All,2 month(s)
Europe,Tajikistan,2019,20 years,All,1 month(s)
Europe,Turkmenistan,2019,6 months,All,2 week(s)
Europe,Turkmenistan,2019,6 months,All,2 month(s)
Europe,Turkmenistan,2019,9 months,All,2 week(s)
Europe,Turkmenistan,2019,9 months,All,2 month(s)
Europe,Turkmenistan,2019,1 year,All,2 week(s)
Europe,Turkmenistan,2019,1 year,All,2 month(s)
Europe,Turkmenistan,2019,2 years,All,2 week(s)
Europe,Turkmenistan,2019,2 years,All,2 month(s)
Europe,Turkmenistan,2019,4 years,All,2 week(s)
Europe,Turkmenistan,2019,4 years,All,2 month(s)
Europe,Turkmenistan,2019,5 years,All,2 week(s)
Europe,Turkmenistan,2019,5 years,All,2 month(s)
Europe,Turkmenistan,2019,10 years,All,2 week(s)
Europe,Turkmenistan,2019,10 years,All,2 month(s)
Europe,Turkmenistan,2019,20 years,All,2 week(s)
Europe,Turkmenistan,2019,20 years,All,2 month(s)
Africa,Tunisia,2019,6 months,All,1 month(s)
Africa,Tunisia,2019,9 months,All,1 month(s)
Africa,Tunisia,2019,2 years,All,1 month(s)
Africa,Tunisia,2019,4 years,All,1 month(s)
Africa,Tunisia,2019,5 years,All,1 month(s)
Africa,Tunisia,2019,10 years,All,1 month(s)
Africa,Tunisia,2019,20 years,All,1 month(s)
Europe,Türkiye,2019,6 months,All,2 week(s)
Europe,Türkiye,2019,9 months,All,4 week(s)
Europe,Türkiye,2019,2 years,All,6 week(s)
Europe,Türkiye,2019,4 years,All,8 week(s)
Europe,Türkiye,2019,5 years,All,8 week(s)
Europe,Türkiye,2019,10 years,All,8 week(s)
Europe,Türkiye,2019,20 years,All,8 week(s)
Africa,"Tanzania, United Republic of",2019,6 months,monthly paid workers,28 day(s)
Africa,"Tanzania, United Republic of",2019,6 months,daily or weekly paid workers,4 day(s)
Africa,"Tanzania, United Republic of",2019,9 months,monthly paid workers,28 day(s)
Africa,"Tanzania, United Republic of",2019,9 months,daily or weekly paid workers,4 day(s)
Africa,"Tanzania, United Republic of",2019,2 years,monthly paid workers,28 day(s)
Africa,"Tanzania, United Republic of",2019,2 years,daily or weekly paid workers,4 day(s)
Africa,"Tanzania, United Republic of",2019,4 years,monthly paid workers,28 day(s)
Africa,"Tanzania, United Republic of",2019,4 years,daily or weekly paid workers,4 day(s)
Africa,"Tanzania, United Republic of",2019,5 years,monthly paid workers,28 day(s)
Africa,"Tanzania, United Republic of",2019,5 years,daily or weekly paid workers,4 day(s)
Africa,"Tanzania, United Republic of",2019,10 years,monthly paid workers,28 day(s)
Africa,"Tanzania, United Republic of",2019,10 years,daily or weekly paid workers,4 day(s)
Africa,"Tanzania, United Republic of",2019,20 years,monthly paid workers,28 day(s)
Africa,"Tanzania, United Republic of",2019,20 years,daily or weekly paid workers,4 day(s)
Europe,Ukraine,2019,6 months,All,2 month(s)
Europe,Ukraine,2019,9 months,All,2 month(s)
Europe,Ukraine,2019,1 year,All,2 month(s)
Europe,Ukraine,2019,2 years,All,2 month(s)
Europe,Ukraine,2019,4 years,All,2 month(s)
Europe,Ukraine,2019,5 years,All,2 month(s)
Europe,Ukraine,2019,10 years,All,2 month(s)
Europe,Ukraine,2019,20 years,All,2 month(s)
Africa,Uganda,2019,6 months,All,2 week(s)
Africa,Uganda,2019,9 months,All,2 week(s)
Africa,Uganda,2019,2 years,All,1 month(s)
Africa,Uganda,2019,4 years,All,1 month(s)
Africa,Uganda,2019,5 years,All,2 month(s)
Africa,Uganda,2019,10 years,All,3 month(s)
Africa,Uganda,2019,20 years,All,3 month(s)
Americas,United States,2017,6 months,All,0 month(s)
Americas,United States,2017,9 months,All,0 month(s)
Americas,United States,2017,2 years,All,0 month(s)
Americas,United States,2017,4 years,All,0 month(s)
Americas,United States,2017,5 years,All,0 month(s)
Americas,United States,2017,10 years,All,0 month(s)
Americas,United States,2017,20 years,All,0 month(s)
Europe,Uzbekistan,2019,6 months,All,2 month(s)
Europe,Uzbekistan,2019,6 months,All,3 day(s)
Europe,Uzbekistan,2019,6 months,All,2 week(s)
Europe,Uzbekistan,2019,9 months,All,2 month(s)
Europe,Uzbekistan,2019,9 months,All,3 day(s)
Europe,Uzbekistan,2019,9 months,All,2 week(s)
Europe,Uzbekistan,2019,2 years,All,2 month(s)
Europe,Uzbekistan,2019,2 years,All,3 day(s)
Europe,Uzbekistan,2019,2 years,All,2 week(s)
Europe,Uzbekistan,2019,4 years,All,2 month(s)
Europe,Uzbekistan,2019,4 years,All,3 day(s)
Europe,Uzbekistan,2019,4 years,All,2 week(s)
Europe,Uzbekistan,2019,5 years,All,2 month(s)
Europe,Uzbekistan,2019,5 years,All,3 day(s)
Europe,Uzbekistan,2019,5 years,All,2 week(s)
Europe,Uzbekistan,2019,10 years,All,2 month(s)
Europe,Uzbekistan,2019,10 years,All,3 day(s)
Europe,Uzbekistan,2019,10 years,All,2 week(s)
Europe,Uzbekistan,2019,20 years,All,2 month(s)
Europe,Uzbekistan,2019,20 years,All,3 day(s)
Europe,Uzbekistan,2019,20 years,All,2 week(s)
Asia,Viet Nam,2012,6 months,permanent workers,45 day(s)
Asia,Viet Nam,2012,9 months,permanent workers,45 day(s)
Asia,Viet Nam,2012,2 years,permanent workers,45 day(s)
Asia,Viet Nam,2012,4 years,permanent workers,45 day(s)
Asia,Viet Nam,2012,5 years,permanent workers,45 day(s)
Asia,Viet Nam,2012,10 years,permanent workers,45 day(s)
Asia,Viet Nam,2012,20 years,permanent workers,45 day(s)
Arab States,Yemen,2013,6 months,monthly paid workers,30 day(s)
Arab States,Yemen,2013,6 months,"hourly, daily or weekly paid workers",1 week(s)
Arab States,Yemen,2013,6 months,fortnightly paid workers,15 day(s)
Arab States,Yemen,2013,9 months,monthly paid workers,30 day(s)
Arab States,Yemen,2013,9 months,"hourly, daily or weekly paid workers",1 week(s)
Arab States,Yemen,2013,9 months,fortnightly paid workers,15 day(s)
Arab States,Yemen,2013,2 years,monthly paid workers,30 day(s)
Arab States,Yemen,2013,2 years,"hourly, daily or weekly paid workers",1 week(s)
Arab States,Yemen,2013,2 years,fortnightly paid workers,15 day(s)
Arab States,Yemen,2013,4 years,monthly paid workers,30 day(s)
Arab States,Yemen,2013,4 years,"hourly, daily or weekly paid workers",1 week(s)
Arab States,Yemen,2013,4 years,fortnightly paid workers,15 day(s)
Arab States,Yemen,2013,5 years,monthly paid workers,30 day(s)
Arab States,Yemen,2013,5 years,"hourly, daily or weekly paid workers",1 week(s)
Arab States,Yemen,2013,5 years,fortnightly paid workers,15 day(s)
Arab States,Yemen,2013,10 years,monthly paid workers,30 day(s)
Arab States,Yemen,2013,10 years,"hourly, daily or weekly paid workers",1 week(s)
Arab States,Yemen,2013,10 years,fortnightly paid workers,15 day(s)
Arab States,Yemen,2013,20 years,monthly paid workers,30 day(s)
Arab States,Yemen,2013,20 years,"hourly, daily or weekly paid workers",1 week(s)
Arab States,Yemen,2013,20 years,fortnightly paid workers,15 day(s)
Europe,Serbia,2019,6 months,All,1 month(s)
Europe,Serbia,2019,6 months,All,0 month(s)
Europe,Serbia,2019,9 months,All,1 month(s)
Europe,Serbia,2019,9 months,All,0 month(s)
Europe,Serbia,2019,2 years,All,1 month(s)
Europe,Serbia,2019,2 years,All,0 month(s)
Europe,Serbia,2019,4 years,All,1 month(s)
Europe,Serbia,2019,4 years,All,0 month(s)
Europe,Serbia,2019,5 years,All,1 month(s)
Europe,Serbia,2019,5 years,All,0 month(s)
Europe,Serbia,2019,10 years,All,2 month(s)
Europe,Serbia,2019,10 years,All,0 month(s)
Europe,Serbia,2019,20 years,All,3 month(s)
Europe,Serbia,2019,20 years,All,0 month(s)
Africa,South Africa,2019,6 months,All,2 week(s)
Africa,South Africa,2019,9 months,All,2 week(s)
Africa,South Africa,2019,2 years,All,4 week(s)
Africa,South Africa,2019,4 years,All,4 week(s)
Africa,South Africa,2019,5 years,All,4 week(s)
Africa,South Africa,2019,10 years,All,4 week(s)
Africa,South Africa,2019,20 years,All,4 week(s)
Africa,Zambia,2019,6 months,All,1 month(s)
Africa,Zambia,2019,6 months,oral contract &ge; 1 week,30 day(s)
Africa,Zambia,2019,9 months,All,1 month(s)
Africa,Zambia,2019,9 months,oral contract &ge; 1 week,30 day(s)
Africa,Zambia,2019,2 years,All,1 month(s)
Africa,Zambia,2019,2 years,oral contract &ge; 1 week,30 day(s)
Africa,Zambia,2019,4 years,All,30 day(s)
Africa,Zambia,2019,4 years,All,1 month(s)
Africa,Zambia,2019,5 years,All,30 day(s)
Africa,Zambia,2019,5 years,All,1 month(s)
Africa,Zambia,2019,10 years,All,30 day(s)
Africa,Zambia,2019,10 years,All,1 month(s)
Africa,Zambia,2019,20 years,All,1 month(s)
Africa,Zambia,2019,20 years,oral contract &ge; 1 week,30 day(s)
